,Age,Gender,,
p1,24,Male,,
p2,23,Male,,
p3,20,Male,,
p4,20,Male,,
p5,23,Male,,
p6,20,Male,,
p7,23,Male,,
p8,22,Male,,
p9,23,Male,,
p10,25,Male,,
p11,23,Male,,
p12,22,Female,,
p13,25,Male,,
p14,23,Male,,
p15,27,Male,,
p16,29,Female,,
p17,22,Male,,
p18,20,Male,,
p19,19,Male,,
p20,26,Male,,
p21,19,Male,,
p22,19,Male,,
p23,19,Male,,
p24,19,Male,,
p25,19,Male,,
p26,19,Female,,
p27,19,Female,,
p28,18,Male,,
p29,19,Male,,
p30,21,Male,,
p31,20,Male,,
p32,19,Male,,
p33,19,Male,,
p34,22,Male,,
p35,22,Male,,
p36,29,Female,,
p37,20,Male,,
p38,19,Male,,
p39,20,Male,,
p40,26,Male,,
p41,27,Male,,
p42,19,Male,,
p43,22,Male,,
p44,21,Male,,
p45,19,Male,,
p46,23,Male,,
p47,19,Male,,
p48,23,Male,,
p49,21,Male,,
p50,19,Female,,
p51,29,Female,,
p52,22,Female,,
p53,22,Male,,
p54,19,Male,,
p55,19,Male,,
p56,21,Female,,
p57,22,Male,,
p58,21,Male,,
p59,19,Male,,
p60,19,Male,,
p61,19,Male,,
p62,21,Male,,
p63,18,Male,,
p64,24,Male,,
p65,19,Male,,
p66,20,Male,,
p67,19,Male,,
p68,18,Male,,
p69,20,Male,,
p70,23,Male,,
p71,20,Male,,
p72,23,Male,,
p73,19,Male,,
p74,19,Male,,
p75,21,Male,,
p76,25,Male,,
p77,20,Male,,
p78,20,Male,,
p79,20,Male,,
p80,20,Male,,
p81,21,Male,,
p82,31,Male,,
p83,19,Male,,
p84,24,Male,,
p85,19,Male,,
p86,24,Male,,
p87,19,Male,,
p88,19,Male,,
p89,20,Male,,
p90,20,Female,,
p91,25,Female,,
p92,20,Male,,
p93,23,Male,,
p94,19,Male,,
p95,20,Female,,
p96,20,Male,,
p97,19,Male,,
p98,20,Male,,
p99,21,Male,,
p100,22,Male,,
p101,23,Male,,
p102,22,Male,,
p103,20,Male,,
p104,20,Female,,
p105,20,Male,,
p106,23,Male,,
p107,23,Male,,
p108,19,Male,,
p109,18,Male,,
p110,22,Female,,
p111,21,Male,,
p112,20,Female,,
p113,20,Female,,
p114,19,Male,,
p115,20,Male,,
p116,19,Male,,
p117,22,Male,,
p118,19,Male,,
p119,19,Male,,
p120,20,Male,,
p121,18,Female,,
p122,19,Female,,
p123,20,Male,,
p124,20,Male,,
p125,18,Male,,
p126,19,Male,,
p127,20,Male,,
p128,28,Male,,
p129,20,Male,,
p130,21,Male,,
p131,18,Male,,
p132,20,Male,,
p133,20,Male,,
p134,20,Female,,
p135,19,Female,,
p136,20,Male,,
p137,20,Female,,
p138,19,Male,,
p139,21,Female,,
p140,26,Male,,
p141,22,Female,,
p142,21,Female,,
p143,19,Male,,
p144,20,Male,,
p145,19,Male,,
p146,20,Female,,
p147,20,Male,,
p148,19,Male,,
p149,22,Female,,
p150,20,Male,,
p151,23,Male,,
p152,19,Male,,
p153,20,Male,,
p154,21,Male,,
p155,23,Female,,
p156,24,Male,,
p157,22,Female,,
p158,21,Male,,
p159,21,Male,,
p160,20,Male,,
p161,19,Male,,
p162,39,Male,,
p163,20,Male,,
p164,21,Female,,
p165,23,Male,,
p166,25,Female,,
p167,20,Male,,
p168,22,Male,,
p169,20,Male,,
p170,18,Male,,
p171,20,Male,,
p172,20,Male,,
p173,21,Female,,
p174,21,Male,,
p175,20,Male,,
p176,19,Male,,
p177,20,Male,,
p178,20,Male,,
p179,20,Male,,
p180,21,Male,,
p181,21,Male,,
p182,21,Male,,